City_ID,City,Lat,Lng,Max Temp,Humidity,Cloudiness,Wind Speed,Country,Date
0,vadso,70.0744,29.7487,-9.91,79,40,4.63,NO,1702343115
1,puerto ayora,-0.7393,-90.3518,24.25,85,12,2.86,EC,1702343115
2,uturoa,-16.7333,-151.4333,26.87,77,100,8.69,PF,1702343054
3,waitangi,-43.9535,-176.5597,15.46,89,100,3.58,NZ,1702343116
4,chongjin,41.7956,129.7758,-5.14,68,12,0.41,KP,1702343116
5,puerto leguizamo,-0.1934,-74.7819,23.85,92,100,0.42,CO,1702343117
6,port-aux-francais,-49.35,70.2167,6.46,99,100,10.74,TF,1702343117
7,adamstown,-25.066,-130.1015,21.73,60,37,0.74,PN,1702343117
8,molochnoye,59.2917,39.6787,-7.88,92,100,6.26,RU,1702343118
9,medina de rioseco,41.8833,-5.0441,10.78,92,100,5.95,ES,1702343118
10,georgetown,5.4112,100.3354,26.96,94,20,1.54,MY,1702342923
11,yaren,-0.5472,166.916,29.06,75,22,5.02,NR,1702343119
12,ushuaia,-54.8,-68.3,10.81,50,20,2.06,AR,1702343119
13,lihue,21.9789,-159.3672,27.58,80,75,4.12,US,1702343119
14,edinburgh of the seven seas,-37.0676,-12.3116,14.07,91,100,9.21,SH,1702343120
15,hami,42.8,93.45,-2.77,63,100,1.5,CN,1702343120
16,anadyr,64.75,177.4833,-24.72,75,20,5.0,RU,1702343120
17,isafjordur,66.0755,-23.124,-5.08,81,34,1.89,IS,1702343121
18,nouadhibou,20.931,-17.0347,20.99,40,50,3.09,MR,1702343121
19,birao,10.2849,22.7882,21.45,23,100,2.12,CF,1702342943
20,tazacorte,28.629,-17.9293,19.54,52,0,4.47,ES,1702343121
21,vilyuchinsk,52.9306,158.4028,-4.85,76,18,2.1,RU,1702343065
22,bredasdorp,-34.5322,20.0403,16.15,78,100,5.27,ZA,1702343122
23,college,64.8569,-147.8028,-6.03,77,75,3.6,US,1702343026
24,blackmans bay,-43.0167,147.3167,20.07,38,100,2.06,AU,1702343122
25,salalah,17.0151,54.0924,22.05,28,0,3.6,OM,1702343123
26,bekondo,4.6819,9.3214,22.54,88,100,1.02,CM,1702343123
27,dakhla,23.6848,-15.958,19.93,42,0,5.28,EH,1702343124
28,vondrozo,-22.8167,47.2833,20.37,99,61,0.54,MG,1702343124
29,hammerfest,70.6634,23.6821,-0.75,93,75,6.69,NO,1702343125
30,kone,-21.0595,164.8658,30.9,42,60,3.12,NC,1702343125
31,hamilton,39.1834,-84.5333,1.65,79,0,1.54,US,1702343125
32,bethel,41.3712,-73.414,3.75,63,100,4.63,US,1702343018
33,petropavlovsk-kamchatsky,53.0452,158.6483,-5.67,87,40,7.6,RU,1702343052
34,okha,53.5739,142.9478,-19.99,86,42,10.23,RU,1702343126
35,ilulissat,69.2167,-51.1,2.01,64,100,6.17,GL,1702343126
36,port mathurin,-19.6833,63.4167,25.7,78,5,3.88,MU,1702343126
37,wailua homesteads,22.0669,-159.378,27.24,84,75,4.12,US,1702343127
38,fort st. john,56.2499,-120.8529,-5.06,74,40,3.6,CA,1702343127
39,fale old settlement,-9.3852,-171.2468,28.93,77,100,9.18,TK,1702343128
40,majene,-3.5403,118.9707,29.86,65,93,1.76,ID,1702343128
41,whitehorse,60.7161,-135.0538,1.43,75,75,8.23,CA,1702342906
42,mount isa,-20.7333,139.5,31.87,31,0,4.63,AU,1702343129
43,aswan,24.0934,32.907,18.61,25,0,2.57,EG,1702343129
44,magistral'nyy,56.1725,107.4458,-37.02,100,37,0.31,RU,1702343129
45,yellowknife,62.456,-114.3525,-25.25,76,20,3.6,CA,1702342883
46,hobyo,5.3505,48.5268,26.5,74,100,7.59,SO,1702342865
47,pangkalpinang,-2.1333,106.1333,27.5,80,100,2.22,ID,1702343130
48,jamestown,42.097,-79.2353,0.4,78,100,3.6,US,1702342901
49,jayapura,-2.5333,140.7,29.66,65,100,3.9,ID,1702343131
50,coalcoman de vazquez pallares,18.7833,-103.15,19.01,71,32,1.67,MX,1702343131
51,kavaratti,10.5669,72.642,27.76,74,81,1.47,IN,1702343132
52,stanley,54.868,-1.6985,0.95,96,40,0.51,GB,1702343018
53,vicar,36.8316,-2.6427,10.11,50,100,1.98,ES,1702343132
54,ribeira grande,38.5167,-28.7,13.21,81,4,2.24,PT,1702343133
55,avarua,-21.2078,-159.775,27.03,78,75,10.29,CK,1702343133
56,albany,42.6001,-73.9662,1.4,72,18,0.45,US,1702342987
57,karratha,-20.7377,116.8463,30.05,32,0,2.45,AU,1702343133
58,aasiaat,68.7098,-52.8699,-0.73,79,100,5.19,GL,1702343021
59,byron bay,-28.65,153.6167,27.62,55,80,2.84,AU,1702343053
60,port elizabeth,-33.918,25.5701,17.4,92,0,7.2,ZA,1702343134
61,mount gambier,-37.8333,140.7667,31.38,38,26,2.17,AU,1702343134
62,centenario,-38.8043,-68.14,25.86,24,0,4.12,AR,1702343135
63,tostado,-29.232,-61.7692,23.88,58,0,4.39,AR,1702343135
64,sinabang,2.4803,96.3801,25.82,86,100,2.16,ID,1702343136
65,margaret river,-33.95,115.0667,24.41,46,0,1.95,AU,1702343136
66,punta arenas,-53.15,-70.9167,10.06,71,75,5.14,CL,1702343136
67,trinidad,-14.8333,-64.9,26.5,77,95,1.7,BO,1702343137
68,tazovsky,67.4667,78.7,-25.52,94,100,3.75,RU,1702343078
69,lata,40.1629,-8.3327,17.12,93,100,1.88,PT,1702343137
70,thimphu,27.4661,89.6419,3.36,83,69,1.32,BT,1702342884
71,grytviken,-54.2811,-36.5092,1.71,76,4,2.58,GS,1702343138
72,west island,-12.1568,96.8225,26.99,69,84,3.6,CC,1702343138
73,chonchi,-42.6128,-73.8092,10.62,96,100,1.51,CL,1702343138
74,magadan,59.5667,150.8,-8.11,93,100,2.68,RU,1702343051
75,arkhangel'sk,64.5401,40.5433,-13.94,77,40,3.0,RU,1702343139
76,sumter,28.7086,-82.0831,12.19,70,97,2.98,US,1702343139
77,galliano,29.4422,-90.2992,11.11,81,0,0.0,US,1702343140
78,salanso,12.1833,-4.0833,22.33,16,0,2.76,BF,1702343140
79,papatowai,-46.5619,169.4708,10.98,58,61,9.45,NZ,1702343140
80,bima,-8.4667,118.7167,31.73,62,18,1.81,ID,1702343141
81,kununurra,-15.7667,128.7333,33.99,46,25,5.14,AU,1702343080
82,carutapera,-1.195,-46.02,26.08,83,97,3.14,BR,1702343141
83,mangrol,21.1167,70.1167,19.97,41,100,3.78,IN,1702343141
84,polyarnyy,69.1989,33.4478,-14.74,95,29,5.17,RU,1702343142
85,atafu village,-8.5421,-172.5159,28.77,80,100,10.57,TK,1702343142
86,simplicio mendes,-7.8539,-41.9103,24.84,64,77,1.12,BR,1702342997
87,labytnangi,66.6572,66.4183,-24.94,97,100,3.9,RU,1702343142
88,cabo san lucas,22.8909,-109.9124,24.86,70,0,2.06,MX,1702343143
89,canutama,-6.5339,-64.3831,24.17,97,100,1.29,BR,1702343143
90,hermanus,-34.4187,19.2345,16.42,78,100,4.38,ZA,1702343143
91,tual,-5.6667,132.75,28.41,78,78,4.64,ID,1702343143
92,kuching,1.55,110.3333,28.92,90,20,1.03,MY,1702343012
93,iqaluit,63.7506,-68.5145,-27.55,96,69,1.85,CA,1702342888
94,ormara,25.2088,64.6357,23.26,27,97,4.29,PK,1702342875
95,ust-nera,64.5667,143.2,-20.31,98,100,3.74,RU,1702343036
96,port alfred,-33.5906,26.891,17.32,96,0,2.24,ZA,1702343145
97,celestun,20.8667,-90.4,22.6,62,100,6.33,MX,1702343145
98,ulladulla,-35.35,150.4667,25.48,66,44,3.53,AU,1702343145
99,shohimardon,39.9839,71.8028,-4.57,91,100,0.38,UZ,1702343146
100,nguti,5.3299,9.4185,22.91,72,67,0.56,CM,1702343146
101,hasparren,43.3838,-1.305,14.9,67,0,1.54,FR,1702343146
102,constantia,44.1833,28.65,0.39,83,66,3.98,RO,1702343146
103,hasaki,35.7333,140.8333,12.38,93,100,8.78,JP,1702343147
104,siwa oasis,29.2041,25.5195,13.56,80,23,2.87,EG,1702343147
105,arkalyk,50.2486,66.9114,-26.2,86,7,6.81,KZ,1702343147
106,new norfolk,-42.7826,147.0587,20.72,24,45,0.83,AU,1702343148
107,rabo de peixe,37.8,-25.5833,12.73,82,20,3.09,PT,1702343148
108,ebon,4.582,168.6964,27.36,84,93,9.26,MH,1702343148
109,invercargill,-46.4,168.35,11.32,56,58,8.94,NZ,1702343149
110,isfana,39.8386,69.5306,-11.69,83,100,2.39,KG,1702343149
111,abaza,52.655,90.0928,-29.05,100,57,0.75,RU,1702343149
112,miagao,10.6442,122.2352,28.66,74,19,7.09,PH,1702343149
113,castlegar,49.2998,-117.6689,1.66,95,44,1.02,CA,1702342977
114,lake havasu city,34.4839,-114.3224,17.0,21,0,2.57,US,1702343150
115,meadow lake,34.8014,-106.5436,6.74,32,100,1.13,US,1702343150
116,port douglas,-16.4833,145.4667,30.18,63,97,3.58,AU,1702343151
117,huarmey,-10.0681,-78.1522,20.41,85,11,3.39,PE,1702343151
118,kharan,28.5833,65.4167,12.7,28,79,3.68,PK,1702343152
119,mananjary,-21.2167,48.3333,24.22,91,52,2.1,MG,1702343152
120,terbanggi besar,-4.8667,105.2333,27.03,78,60,4.48,ID,1702343153
121,bosaso,11.2842,49.1816,23.95,72,10,1.96,SO,1702343135
122,saipan,15.1355,145.701,30.39,74,20,7.72,MP,1702343154
123,san pedro,14.35,121.0167,29.64,76,20,2.68,PH,1702343154
124,keflavik,64.0049,-22.5624,-2.76,86,20,3.6,IS,1702343141
125,qaqortoq,60.7167,-46.0333,-0.52,97,100,3.4,GL,1702343018
126,daoukro,7.0591,-3.9631,23.33,84,7,1.14,CI,1702343155
127,cole harbour,44.6724,-63.4751,10.66,95,100,3.13,CA,1702343105
128,calvi,42.5,8.8333,16.35,55,0,9.26,FR,1702343156
129,nenjiang,49.1833,125.2167,-28.67,89,6,0.76,CN,1702343157
130,quatre cocos,-20.2078,57.7625,25.06,71,86,4.81,MU,1702343158
131,burutu,5.3509,5.5076,26.78,80,94,2.14,NG,1702343158
132,sandnessjoen,66.0217,12.6316,-13.71,78,3,6.62,NO,1702343159
133,dahab,28.501,34.5134,21.4,29,0,3.5,EG,1702343159
134,hawaiian paradise park,19.5933,-154.9731,26.13,87,100,1.54,US,1702343159
135,berezovyy,51.6667,135.7,-23.36,65,0,2.12,RU,1702343098
136,puerto natales,-51.7236,-72.4875,6.75,85,89,2.65,CL,1702343160
137,seven pagodas,12.6264,80.1722,24.03,76,56,4.5,IN,1702343161
138,talnakh,69.4865,88.3972,-26.2,98,100,4.71,RU,1702343153
139,tura,25.5198,90.2201,14.81,92,2,1.31,IN,1702343142
140,palafrugell,41.9174,3.1631,13.57,70,100,2.13,ES,1702343161
141,arteche,12.2645,125.4048,27.13,87,25,3.15,PH,1702343154
142,hillsborough,37.5741,-122.3794,14.94,79,100,3.6,US,1702343162
143,sumbawa besar,-8.5,117.4333,30.17,66,46,0.93,ID,1702343163
144,remire-montjoly,4.9167,-52.2667,27.02,83,20,2.06,GF,1702343163
145,lospalos,-8.5186,127.0025,26.53,75,100,1.64,TL,1702343164
146,vorgashor,67.5833,63.95,-16.88,91,100,6.66,RU,1702343029
147,tiksi,71.6872,128.8694,-21.58,100,100,3.69,RU,1702343164
148,utrik,11.2278,169.8474,27.19,71,51,8.2,MH,1702343165
149,conduaga,8.862,117.4893,28.61,67,10,1.6,PH,1702343167
150,jackson,42.4165,-122.8345,10.58,90,84,0.32,US,1702343168
151,haenam,34.5711,126.5989,10.59,83,100,5.52,KR,1702343168
152,slave lake,55.2834,-114.769,-9.01,67,100,3.6,CA,1702343142
153,hithadhoo,-0.6,73.0833,27.35,77,93,2.4,MV,1702343171
154,inari,68.906,27.0288,-13.89,98,38,2.12,FI,1702343001
155,san patricio,28.017,-97.5169,17.91,52,100,3.05,US,1702343173
156,amalapuram,16.5833,82.0167,19.96,91,11,1.51,IN,1702343174
157,port lincoln,-34.7333,135.8667,20.71,49,11,5.72,AU,1702343017
158,valdivia,-39.8142,-73.2459,14.05,99,100,1.21,CL,1702342891
159,alpine,32.835,-116.7664,17.08,51,0,0.0,US,1702343175
160,crane,31.3974,-102.3501,12.52,25,32,4.16,US,1702343041
161,edson,53.5835,-116.4356,-5.92,86,40,1.54,CA,1702343176
162,afaahiti,-17.75,-149.2833,29.93,81,80,9.84,PF,1702343176
163,ouddorp,51.8117,3.9347,7.24,92,7,4.28,NL,1702343176
164,cabedelo,-6.9811,-34.8339,26.37,74,0,5.11,BR,1702343177
165,aripuana,-9.1667,-60.6333,22.33,97,90,0.88,BR,1702343177
166,cascais,38.6979,-9.4215,19.17,98,100,6.26,PT,1702343178
167,puerto aysen,-45.4,-72.7,9.22,98,100,2.06,CL,1702342952
168,al hufuf,25.3646,49.5653,13.19,50,0,0.0,SA,1702343178
169,dickson,36.077,-87.3878,4.29,71,40,0.89,US,1702343178
170,yinchuan,38.4681,106.2731,-0.25,38,0,1.46,CN,1702343094
171,weno,7.4515,151.8468,25.97,94,100,4.12,FM,1702343019
172,chiredzi,-21.05,31.6667,21.17,87,100,1.28,ZW,1702342941
173,isangel,-19.55,169.2667,27.06,61,75,6.69,VU,1702343179
174,yuzhno-kurilsk,44.0306,145.8556,0.76,76,100,5.4,RU,1702343056
175,hampton bays,40.869,-72.5176,5.51,65,75,8.94,US,1702343180
176,klyuchi,52.2667,79.1667,-24.48,87,46,6.35,RU,1702343180
177,gubkinskiy,64.434,76.5026,-26.65,86,100,5.43,RU,1702343181
178,buala,-8.145,159.5921,29.45,66,100,0.79,SB,1702343181
179,nuku'alofa,-21.1333,-175.2,29.19,61,40,5.66,TO,1702343181
180,udachny,66.4167,112.4,-25.02,97,100,4.08,RU,1702342990
181,olonkinbyen,70.9221,-8.7187,-0.09,98,100,2.83,SJ,1702343182
182,ciudad ayala,18.75,-98.9833,20.7,61,99,1.94,MX,1702343182
183,kuqa,41.7278,82.9364,-3.72,63,99,0.69,CN,1702343183
184,qui nhon,13.7667,109.2333,24.18,83,100,2.17,VN,1702343183
185,castillos,-34.1667,-53.8333,17.97,93,100,4.45,UY,1702343184
186,la passe,45.5549,-0.8967,14.13,89,100,4.53,FR,1702343184
187,sur,22.5667,59.5289,22.28,63,6,0.97,OM,1702343184
188,kalmunai,7.4167,81.8167,24.6,92,100,3.42,LK,1702343184
189,badger,64.8,-147.5333,-6.07,82,100,3.6,US,1702343185
190,sitka,57.0531,-135.33,7.94,71,100,6.17,US,1702342959
191,soio,-6.1349,12.3689,26.55,80,100,2.06,AO,1702343185
192,los osos,35.3111,-120.8324,17.13,66,0,7.72,US,1702343186
193,gabu,12.2833,-14.2167,20.88,53,0,2.38,GW,1702343186
194,bellavista,-7.0561,-76.5911,24.96,85,79,0.62,PE,1702343186
195,vakarai,55.6035,23.8213,-0.71,99,100,2.21,LT,1702343187
196,bilibino,68.0546,166.4372,-20.63,95,100,1.49,RU,1702343187
197,argo,37.6333,22.7333,10.44,82,11,1.43,GR,1702343187
198,vallenar,-28.5708,-70.7581,20.33,51,0,1.07,CL,1702342940
199,la ronge,55.1001,-105.2842,-11.86,61,0,6.69,CA,1702343188
200,revda,56.801,59.9303,-31.73,96,25,1.45,RU,1702343188
201,nemuro,43.3236,145.575,1.33,99,100,6.9,JP,1702343188
202,prince rupert,54.3161,-130.3201,4.83,79,0,9.77,CA,1702343189
203,lebu,-37.6167,-73.65,12.83,90,100,2.89,CL,1702343183
204,colesberg,-30.72,25.0972,15.49,62,0,2.51,ZA,1702343189
205,camocim,-2.9022,-40.8411,26.64,78,19,6.86,BR,1702343190
206,tolanaro,-25.0319,46.9987,25.04,94,20,3.09,MG,1702343190
207,kailua-kona,19.6406,-155.9956,28.06,87,30,1.34,US,1702342923
208,malango,-2.9627,119.9001,25.95,73,88,0.61,ID,1702343191
209,igarka,67.4667,86.5833,-22.87,98,100,3.85,RU,1702343191
210,pavilosta,56.8879,21.1859,-2.05,97,100,3.56,LV,1702343191
211,belyy yar,53.6039,91.3903,-33.06,75,20,0.0,RU,1702343192
212,longyearbyen,78.2186,15.6401,-7.09,68,75,7.2,SJ,1702343192
213,gobabis,-22.45,18.9667,21.45,12,5,4.06,NA,1702343192
214,agadez,19.75,10.25,13.27,46,0,4.88,NE,1702343193
215,flying fish cove,-10.4217,105.6791,26.82,73,40,3.6,CX,1702343065
216,maragogi,-9.0122,-35.2225,25.77,75,0,4.37,BR,1702343193
217,tralee,52.2704,-9.7026,9.4,87,100,4.9,IE,1702343088
218,novaya igirma,57.1334,103.9112,-37.04,100,61,0.35,RU,1702343194
219,mana,5.6592,-53.7767,25.68,91,13,3.41,GF,1702343194
220,prado,-17.3411,-39.2208,25.5,83,100,6.11,BR,1702343195
221,sidi bennour,32.6524,-8.4277,16.2,73,51,1.04,MA,1702343195
222,ponta delgada,37.7333,-25.6667,13.4,82,20,3.09,PT,1702343195
223,atar,20.5169,-13.0499,18.52,18,22,3.38,MR,1702343195
224,portalegre,39.2938,-7.4312,11.32,94,100,1.63,PT,1702343196
225,namibe,-15.1961,12.1522,21.78,73,35,2.02,AO,1702343196
226,canitas de felipe pescador,23.6,-102.7167,13.09,61,99,5.42,MX,1702343196
227,micheweni,-4.9667,39.8333,26.56,78,100,1.54,TZ,1702343196
228,ishigaki,24.3448,124.1572,22.07,100,75,7.2,JP,1702343197
229,walvis bay,-22.9575,14.5053,16.72,88,11,4.12,NA,1702343197
230,papao,-17.75,-149.55,30.82,76,100,11.35,PF,1702343107
231,kodiak,57.79,-152.4072,-2.27,64,0,3.09,US,1702343197
232,erenhot,43.6475,111.9767,-10.17,57,55,3.43,CN,1702343198
233,sotkamo,64.1333,28.4167,-11.99,99,100,1.69,FI,1702343198
234,ancud,-41.8697,-73.8203,10.29,82,97,4.05,CL,1702343162
235,st. john's,47.5649,-52.7093,12.66,92,20,12.35,CA,1702343199
236,bargi,22.9833,79.8667,14.25,69,100,1.07,IN,1702343199
237,thompson,55.7435,-97.8558,-12.91,78,100,5.66,CA,1702343198
238,mpongwe,-13.5091,28.155,19.14,95,100,0.56,ZM,1702343199
239,kudahuvadhoo,2.6708,72.8944,27.99,72,24,1.85,MV,1702343097
240,salida,37.7058,-121.0849,14.52,53,0,1.54,US,1702343200
241,long,18.0761,99.8326,26.22,91,17,0.84,TH,1702343200
242,malvan,16.0667,73.4667,24.22,67,56,2.92,IN,1702343201
243,puerto santa,-8.9906,-78.6456,19.76,87,2,4.16,PE,1702343201
244,pokachi,61.7198,75.3683,-30.51,93,100,3.16,RU,1702343201
245,haiku-pauwela,20.9219,-156.3051,30.01,55,20,5.66,US,1702343159
246,lexington,37.9887,-84.4777,2.0,74,0,2.06,US,1702343073
247,turpan,42.9333,89.1667,-1.31,68,100,0.89,CN,1702343052
248,carnarvon,-24.8667,113.6333,28.64,39,0,1.82,AU,1702343202
249,port saint john's,-31.6229,29.5448,20.27,86,98,1.6,ZA,1702343203
250,arraial do cabo,-22.9661,-42.0278,23.36,91,13,5.27,BR,1702343203
251,altay,47.8667,88.1167,-10.55,92,97,1.16,CN,1702343122
252,afif,23.9065,42.9172,14.32,25,15,4.82,SA,1702343040
253,los frentones,-26.4077,-61.4137,25.67,56,100,4.11,AR,1702343203
254,gokwe,-18.2048,28.9349,19.49,81,98,2.06,ZW,1702343204
255,maralal,1.0968,36.698,14.0,87,100,2.28,KE,1702343204
256,iskateley,67.6803,53.1512,-14.33,91,100,7.71,RU,1702343032
257,bardai,11.65,7.2333,13.64,36,1,4.3,NG,1702343204
258,mao,39.8885,4.2658,13.31,100,40,2.06,ES,1702343205
259,trairi,-3.2778,-39.2689,26.53,77,7,5.02,BR,1702343011
260,east london,-33.0153,27.9116,19.1,87,60,2.83,ZA,1702342961
261,mariental,-24.6333,17.9667,21.71,15,0,4.2,NA,1702343205
262,gao,16.6362,1.637,17.54,30,0,6.28,ML,1702343206
263,luwuk,-0.9516,122.7875,30.74,64,100,0.54,ID,1702343206
264,turar ryskulov,42.5333,70.3333,-10.35,97,100,1.76,KZ,1702343206
265,bonny,4.4522,7.1681,26.82,83,99,3.31,NG,1702343206
266,bamboo flat,11.7,92.7167,28.05,78,40,2.57,IN,1702343207
267,begoro,6.3871,-0.3774,21.32,81,2,1.28,GH,1702343207
268,margate,51.3813,1.3862,9.83,91,10,1.34,GB,1702343175
269,ad dabbah,18.05,30.95,19.15,21,91,5.67,SD,1702343207
270,kapuskasing,49.4169,-82.4331,-7.49,88,100,3.69,CA,1702343208
271,luderitz,-26.6481,15.1594,17.84,53,0,8.93,NA,1702343038
272,nova sintra,14.8667,-24.7167,23.16,68,71,5.76,CV,1702343031
273,plymouth,41.8334,-70.8328,5.49,73,0,4.63,US,1702343208
274,itoman,26.1247,127.6694,23.01,83,75,7.72,JP,1702343037
275,stuttgart,48.7823,9.177,9.28,86,40,1.54,DE,1702343209
276,kill devil hills,36.0307,-75.676,7.21,70,0,3.6,US,1702343209
277,lindale,32.5157,-95.4094,12.25,57,0,3.09,US,1702343209
278,wenxing,28.6667,112.8833,5.24,72,15,3.39,CN,1702343209
279,jiaozuo,35.2397,113.2331,-1.71,94,100,1.17,CN,1702343210
280,quellon,-43.1167,-73.6167,9.9,88,100,2.92,CL,1702343210
281,happy valley-goose bay,53.3168,-60.3315,-0.83,86,100,3.09,CA,1702343210
282,port blair,11.6667,92.75,28.02,78,40,2.57,IN,1702343136
283,bandon,51.7469,-8.7425,8.77,93,100,1.84,IE,1702343211
284,adrar,20.5022,-10.0711,16.67,22,0,4.55,MR,1702343211
285,ambon,-3.6954,128.1814,31.08,70,40,4.12,ID,1702343211
286,alik ghund,30.4896,67.5226,0.18,52,6,2.75,PK,1702343212
287,inhambane,-23.865,35.3833,25.57,95,100,3.44,MZ,1702343202
288,vernon,50.2581,-119.2691,2.64,88,66,0.86,CA,1702343213
289,glace bay,46.1969,-59.957,14.32,95,100,15.43,CA,1702343214
290,banda aceh,5.5577,95.3222,26.51,81,98,1.0,ID,1702343214
291,angaur state,6.906,134.13,28.36,76,91,4.93,PW,1702343214
292,alofi,-19.0595,-169.9187,28.94,70,75,4.63,NU,1702343215
293,al ghayzah,16.2079,52.176,22.18,61,6,2.85,YE,1702343215
294,pisco,-13.7,-76.2167,20.03,83,0,7.72,PE,1702343033
295,strugi-krasnyye,58.2675,29.1114,-3.45,96,100,3.64,RU,1702343216
296,kingston,17.997,-76.7936,28.53,74,20,9.26,JM,1702342920
297,puerto deseado,-47.7503,-65.8938,11.09,79,67,5.23,AR,1702343216
298,sisimiut,66.9395,-53.6735,-0.92,94,100,6.66,GL,1702343019
299,richards bay,-28.783,32.0377,19.34,94,97,1.66,ZA,1702343217
300,tangalle,6.024,80.7911,24.09,90,100,1.55,LK,1702342988
301,xianning,29.8833,114.2167,4.66,73,27,2.2,CN,1702343217
302,gizo,-8.103,156.8419,28.23,75,82,4.13,SB,1702343218
303,salinopolis,-0.6136,-47.3561,27.18,81,83,6.1,BR,1702343218
304,fuengirola,36.54,-4.6247,19.91,67,0,4.63,ES,1702343026
305,kupang,-10.1667,123.5833,29.32,89,75,2.57,ID,1702343219
306,los aquijes,-14.0967,-75.6908,22.97,60,43,1.2,PE,1702343219
307,nueil-les-aubiers,46.9377,-0.5887,14.38,97,100,4.49,FR,1702343219
308,bereket,39.2446,55.5154,-1.31,43,13,10.24,TM,1702343220
309,querqueville,49.6625,-1.6912,11.82,100,100,5.14,FR,1702343220
310,i-n-salah,27.1935,2.4607,14.71,36,6,5.18,DZ,1702343220
311,carriere,10.0341,-12.8657,20.05,47,14,0.84,GN,1702343220
312,mitu,1.1983,-70.1733,23.15,97,14,0.58,CO,1702343221
313,minas de marcona,-15.2119,-75.1103,16.47,80,19,4.73,PE,1702343221
314,vorkuta,67.5,64.0,-16.8,90,100,6.54,RU,1702343025
315,alexandria,31.2156,29.9553,18.08,59,1,2.44,EG,1702343222
316,mil'kovo,55.6078,37.7956,-5.87,93,100,6.64,RU,1702343203
317,porto belo,-27.1578,-48.5531,21.97,93,53,2.59,BR,1702342995
318,duyun,26.2667,107.5167,7.97,87,99,2.07,CN,1702343131
319,vattalkundu,10.1667,77.7667,21.91,94,94,1.47,IN,1702343223
320,choyr,46.3611,108.3611,-20.41,93,83,1.94,MN,1702343224
321,la'ie,21.6477,-157.9253,29.66,74,29,3.58,US,1702343200
322,susuman,62.7833,148.1667,-21.68,96,100,2.24,RU,1702343224
323,kapoeta,4.7717,33.5903,29.32,36,87,4.71,SS,1702343225
324,iwaki,37.05,140.8833,11.74,95,100,3.65,JP,1702343225
325,saint-joseph,-21.3667,55.6167,21.37,78,53,4.35,RE,1702343226
326,codrington,-38.2667,141.9667,32.81,35,100,5.29,AU,1702343061
327,kogalym,62.2654,74.4791,-30.5,91,100,4.51,RU,1702343226
328,severo-yeniseyskiy,60.3725,93.0408,-40.24,100,59,0.45,RU,1702343190
329,pericos,25.05,-107.7,24.95,61,5,1.18,MX,1702343227
330,oarai,36.3167,140.6,12.41,92,100,4.24,JP,1702343227
331,vilyuysk,63.7553,121.6247,-27.97,97,99,3.01,RU,1702343155
332,kapa'a,22.0752,-159.319,27.99,84,75,4.12,US,1702343085
333,thunder bay,48.4001,-89.3168,-2.01,69,100,8.23,CA,1702343095
334,berdigestyakh,62.0989,126.6992,-28.62,95,100,3.45,RU,1702343207
335,caarapo,-22.6342,-54.8222,21.86,85,4,2.37,BR,1702343229
336,newman,37.3138,-121.0208,14.13,50,5,2.02,US,1702343229
337,ataq,14.5377,46.8319,13.95,33,87,2.13,YE,1702343229
338,cinisi,38.1562,13.1073,16.59,72,0,8.23,IT,1702343230
339,flin flon,54.7682,-101.865,-12.47,76,100,7.65,CA,1702343230
340,acarau,-2.8856,-40.12,26.65,79,15,7.22,BR,1702343230
341,nahan,30.55,77.3,10.06,42,5,1.89,IN,1702343230
342,parabel',58.6978,81.4825,-30.61,95,35,2.24,RU,1702343231
343,machina,13.1364,10.0492,15.36,37,0,3.99,NG,1702343231
344,edremit,39.5961,27.0244,6.93,100,0,1.54,TR,1702343231
345,pandan,14.0453,124.1694,27.95,79,29,3.77,PH,1702343232
346,wagar,16.1525,36.2032,24.96,58,4,3.66,SD,1702343232
347,laojunmiao,39.8333,97.7333,0.04,12,99,3.34,CN,1702343233
348,san,13.3034,-4.8956,23.07,16,0,3.83,ML,1702343149
349,terrace,54.5163,-128.6035,-2.8,96,49,0.85,CA,1702343233
350,coxim,-18.5067,-54.76,27.9,55,9,1.73,BR,1702343234
351,novodvinsk,64.4165,40.8122,-14.14,94,100,3.14,RU,1702343098
352,urangan,-25.3,152.9,26.19,60,18,6.12,AU,1702343234
353,am timan,11.0297,20.2827,21.93,20,100,3.6,TD,1702343235
354,cidreira,-30.1811,-50.2056,21.17,81,1,7.96,BR,1702343235
355,gargalianoi,37.0667,21.6333,10.2,77,31,4.62,GR,1702343236
356,obock,12.25,43.0833,19.01,83,94,5.74,DJ,1702343236
357,verkhnevilyuysk,63.4453,120.3167,-29.35,97,99,2.68,RU,1702343208
358,viedma,-40.8135,-62.9967,18.13,75,1,8.55,AR,1702343236
359,lautoka,-17.6167,177.4667,30.92,48,40,9.26,FJ,1702343236
360,macas,-2.3167,-78.1167,20.47,95,44,1.01,EC,1702343237
361,banfora,10.6333,-4.7667,23.12,15,0,2.37,BF,1702343237
362,alvear,-29.0968,-56.5504,21.97,75,0,3.57,AR,1702343238
363,sterling,39.0062,-77.4286,3.55,64,0,3.13,US,1702343238
364,merizo village,13.2658,144.6691,31.31,83,19,6.56,GU,1702343238
365,senanga,-16.1167,23.2667,21.15,79,100,2.45,ZM,1702343239
366,norilsk,69.3535,88.2027,-24.28,98,100,3.24,RU,1702343239
367,hanover,52.3705,9.7332,7.43,90,100,3.09,DE,1702343235
368,los andes,-32.8337,-70.5983,20.01,53,0,1.24,CL,1702343239
369,guanica,17.9716,-66.908,26.7,60,0,3.59,PR,1702343240
370,gorom-gorom,14.4439,-0.2361,20.9,19,0,5.37,BF,1702343240
371,tarawa,1.419,172.984,28.03,77,99,1.77,KI,1702343240
372,strathmore,51.0501,-113.3852,-8.57,90,100,3.21,CA,1702343240
373,vila velha,-20.3297,-40.2925,26.08,82,0,2.68,BR,1702343160
374,zinjibar,13.1287,45.3807,24.18,73,86,3.59,YE,1702343241
375,kirkwall,58.9848,-2.9587,2.03,87,75,1.03,GB,1702343241
376,ittiri,40.5929,8.5684,13.5,96,48,3.17,IT,1702343241
377,labrador city,52.9463,-66.9114,-8.27,95,100,3.61,CA,1702343215
378,robbah,33.2797,6.9098,15.94,37,0,4.01,DZ,1702343242
379,egilsstadir,65.2653,-14.3948,-2.05,74,100,1.54,IS,1702343001
380,geraldton,-28.7667,114.6,33.23,14,0,8.75,AU,1702343201
381,alice springs,-23.7,133.8833,22.75,33,0,3.6,AU,1702343243
382,prainha,-1.8,-53.48,26.57,74,100,1.45,BR,1702343243
383,gopalganj,26.4667,84.4333,13.71,47,0,1.54,IN,1702343243
384,nieuw amsterdam,5.8833,-55.0833,26.19,92,20,1.54,SR,1702343191
385,tamanrasset,22.785,5.5228,13.95,18,0,4.63,DZ,1702342947
386,ushtobe,45.2514,77.9838,-8.42,94,100,2.33,KZ,1702343244
387,paradip garh,20.3167,86.6167,17.54,54,1,3.66,IN,1702343244
388,selfoss,63.9331,-20.9971,-5.08,92,32,2.69,IS,1702343245
389,mkushi,-13.6202,29.3939,17.84,94,100,0.94,ZM,1702343245
390,seydi,39.4816,62.9137,-5.99,29,0,6.64,TM,1702343245
391,ouani,-12.1322,44.4258,27.23,79,56,3.73,KM,1702343246
392,bonthe,7.5264,-12.505,26.28,82,11,1.97,SL,1702343247
393,skovorodino,53.9833,123.9167,-31.28,91,5,1.41,RU,1702343247
394,ust'-barguzin,53.45,108.9833,-24.71,99,100,2.95,RU,1702343247
395,sabha,27.0377,14.4283,11.43,57,0,2.02,LY,1702343248
396,hovd,48.0056,91.6419,-16.99,83,100,0.69,MN,1702343228
397,santa maria,-29.6842,-53.8069,22.61,73,0,2.06,BR,1702343028
398,puerto lempira,15.2667,-83.7667,25.42,90,79,5.34,HN,1702343249
399,aldan,58.6031,125.3894,-33.17,97,100,1.95,RU,1702343249
400,waimes,50.4149,6.1121,7.33,93,100,3.09,BE,1702343249
401,morez,46.5254,6.0259,10.47,91,100,1.13,FR,1702343250
402,tumaco,1.7986,-78.8156,25.36,90,5,3.11,CO,1702343250
403,tromso,69.6496,18.957,-2.99,86,75,2.57,NO,1702343250
404,armacao de buzios,-22.7469,-41.8817,22.57,93,51,4.06,BR,1702343251
405,el-tor,28.2364,33.6254,18.77,41,0,6.1,EG,1702343251
406,mahanoro,-19.9,48.8,24.13,90,31,1.63,MG,1702343252
407,kwaksan,39.6875,125.0828,-4.12,81,87,2.49,KP,1702343252
408,litvinov,50.6042,13.6181,7.26,85,82,4.79,CZ,1702343253
409,greymouth,-42.4667,171.2,13.64,59,79,9.24,NZ,1702343022
410,carauari,-4.8828,-66.8958,23.79,99,100,1.37,BR,1702343073
411,nishinoomote,30.7333,131.0,21.14,75,79,11.5,JP,1702343254
412,kasangulu,-4.5911,15.1708,23.52,96,99,0.89,CD,1702343254
413,loja,-3.9931,-79.2042,17.47,92,43,1.34,EC,1702343254
414,dudinka,69.4058,86.1778,-24.62,98,100,6.26,RU,1702343255
415,meulaboh,4.1363,96.1285,24.44,94,100,1.72,ID,1702343070
416,nichinan,31.6,131.3667,20.55,81,20,4.28,JP,1702343255
417,ola,59.5833,151.2833,-6.22,87,100,5.37,RU,1702343255
418,abatskoye,56.2875,70.4555,-33.48,99,6,2.43,RU,1702343256
419,mwatate,-3.5029,38.3795,20.24,90,100,0.95,KE,1702343256
420,levuka,50.1834,-105.4011,-6.23,39,35,6.62,CA,1702343256
421,diapaga,12.0708,1.7889,21.62,20,2,4.81,BF,1702343256
422,grand gaube,-20.0064,57.6608,25.22,88,55,0.45,MU,1702343234
423,ivdel',60.6911,60.4206,-31.01,99,100,1.79,RU,1702343257
424,portland,45.5234,-122.6762,11.01,93,100,1.34,US,1702343093
425,ozu,33.5,132.55,17.32,93,100,2.71,JP,1702343257
426,presidente epitacio,-21.7633,-52.1156,26.74,58,11,2.66,BR,1702342997
427,pervomayskoye,43.919,46.7102,5.09,75,100,12.1,RU,1702343258
428,kargil,34.5667,76.1,-5.19,43,100,2.63,IN,1702343258
429,laayoune,27.1622,-13.2032,19.57,24,6,4.76,EH,1702343258
430,borogontsy,62.6683,131.1683,-35.29,99,100,0.6,RU,1702343230
431,paracuru,-3.41,-39.0306,27.84,78,4,5.5,BR,1702343259
432,vilhena,-12.7406,-60.1458,23.13,84,84,0.74,BR,1702343076
433,san luis de la loma,17.2706,-100.8939,26.46,76,100,0.71,MX,1702343259
434,tinogasta,-28.0632,-67.5649,28.07,39,2,3.28,AR,1702343259
435,concepcion,-36.827,-73.0498,14.89,77,75,4.63,CL,1702342981
436,san felice circeo,41.2372,13.0942,15.51,99,98,3.51,IT,1702343260
437,nkove,-7.95,30.85,22.66,84,100,2.61,TZ,1702343260
438,sittwe,20.15,92.9,19.92,85,4,2.41,MM,1702343260
439,antsiranana,-12.2787,49.2917,25.4,82,100,5.1,MG,1702343261
440,takoradi,4.8845,-1.7554,26.65,84,10,2.82,GH,1702343261
441,yambio,4.5721,28.3955,24.64,63,96,0.98,SS,1702343261
442,kegen,43.0197,79.2203,-12.96,96,100,2.12,KZ,1702343262
443,bontang,0.1333,117.5,26.85,82,100,1.12,ID,1702343262
444,vigan,17.5747,120.3869,28.85,79,88,1.65,PH,1702343256
445,hjorring,57.4642,9.9823,1.95,89,100,5.44,DK,1702343263
446,brokopondo,4.75,-55.1667,26.04,83,41,3.25,SR,1702343263
447,roxas,11.5853,122.7511,25.64,83,100,5.19,PH,1702343263
448,bayanhongor,46.7167,100.1167,-18.11,96,97,0.6,MN,1702343264
449,nuuk,64.1835,-51.7216,1.34,86,100,17.49,GL,1702343264
450,wynyard,-41.0,145.7167,18.67,72,100,3.25,AU,1702343065
451,san clemente del tuyu,-36.3569,-56.7235,19.43,85,79,10.25,AR,1702343264
452,fort bragg,35.139,-79.006,3.28,90,0,0.0,US,1702343265
453,muravlenko,63.7898,74.523,-27.84,85,100,6.12,RU,1702343265
454,asau,46.4333,26.4,-3.49,77,100,3.01,RO,1702343265
455,kataysk,56.289,62.5841,-32.81,98,46,2.46,RU,1702343265
456,shimoda,34.6667,138.95,13.95,96,100,6.89,JP,1702343266
457,mpulungu,-8.7623,31.1141,22.27,84,92,1.83,ZM,1702343266
458,cooper's town,26.8667,-77.5167,21.9,73,100,8.49,BS,1702343266
459,hoshcha,50.6003,26.6744,0.78,91,92,3.51,UA,1702343266
460,riachao das neves,-11.7461,-44.91,24.43,52,45,1.09,BR,1702343267
461,saldanha,-33.0117,17.9442,16.92,85,97,10.5,ZA,1702343267
462,hlusk,52.903,28.6845,0.4,99,100,4.4,BY,1702343267
463,fisterra,42.9049,-9.2629,15.57,95,100,7.95,ES,1702343267
464,saint-philippe,-21.3585,55.7679,21.77,79,62,3.99,RE,1702343268
465,aral,40.5156,81.2636,-2.93,56,53,1.44,CN,1702343268
466,chifeng,42.2683,118.9636,-13.91,58,89,0.88,CN,1702343269
467,horta,38.5333,-28.6333,12.79,81,12,2.24,PT,1702343269
468,tres pontas,-21.3667,-45.5125,19.16,89,3,0.8,BR,1702343269
469,yanchep,-31.55,115.6833,26.64,39,0,4.33,AU,1702343269
470,jammalamadugu,14.8333,78.4,19.85,94,76,2.06,IN,1702343269
471,kristiansund,63.1115,7.732,-1.64,74,20,1.54,NO,1702343270
472,bikenibeu village,1.3673,173.1241,27.94,76,100,1.56,KI,1702343270
473,raduzhny,62.0961,77.475,-29.29,93,100,2.88,RU,1702343270
474,santa barbara,34.7333,-120.0343,14.69,69,0,4.12,US,1702343134
475,chui,-33.6971,-53.4616,18.58,92,100,5.05,UY,1702343145
476,halstead,51.328,0.1327,9.72,53,95,2.63,GB,1702343271
477,olinda,-8.0089,-34.8553,27.85,74,40,4.12,BR,1702343180
478,abepura,-2.6333,140.5833,29.45,66,20,2.57,ID,1702343271
479,vimmerby,57.6659,15.8552,-1.0,96,100,3.5,SE,1702343272
480,karabar,-35.3753,149.2308,28.84,55,100,2.06,AU,1702343272
481,taksimo,56.3444,114.8794,-33.77,96,71,0.26,RU,1702343273
482,tshabong,-26.05,22.45,20.58,22,0,3.45,BW,1702343273
483,lompoc,34.6391,-120.4579,16.08,81,0,3.09,US,1702343273
484,halifax,44.6453,-63.5724,10.94,95,100,3.13,CA,1702343106
485,laguna,38.421,-121.4238,14.11,56,0,0.0,US,1702343214
486,praia,14.9215,-23.5087,22.3,83,57,3.09,CV,1702343273
487,baloc,15.6435,120.8852,28.7,66,55,1.69,PH,1702343274
488,marsh harbour,26.5412,-77.0636,22.8,79,100,9.09,BS,1702343133
489,lethem,3.3803,-59.7968,28.56,59,100,5.53,GY,1702343274
490,wellston,39.1234,-82.5329,0.94,79,6,1.9,US,1702343195
491,howrah,22.5892,88.3103,16.0,82,0,0.0,IN,1702343275
492,ha'il,27.5219,41.6907,14.01,28,0,3.09,SA,1702343275
493,belmonte,-15.8631,-38.8828,25.57,84,7,4.91,BR,1702343185
494,kampong pangkal kalong,5.9167,102.2167,24.87,94,93,0.52,MY,1702343275
495,altai,46.3722,96.2583,-15.29,92,67,0.7,MN,1702343083
496,san luis,-33.295,-66.3356,26.32,36,0,10.3,AR,1702343106
497,khovd,48.0056,91.6419,-17.14,76,100,0.46,MN,1702343077
498,dunedin,-45.8742,170.5036,12.11,64,91,5.36,NZ,1702343276
499,plastun,44.7561,136.2939,-10.79,42,100,4.57,RU,1702343276
500,makariv,50.4641,29.8113,-1.59,96,83,3.6,UA,1702343277
501,aykhal,66.0,111.5,-26.23,99,100,2.23,RU,1702343277
502,lazaro cardenas,17.9583,-102.2,26.19,70,6,1.82,MX,1702343277
503,egbe,8.2167,5.5167,22.43,30,77,2.03,NG,1702343277
504,rosignol,6.2833,-57.5333,24.87,90,96,2.05,GY,1702343278
505,bodaybo,57.8506,114.1933,-29.21,100,100,0.34,RU,1702343278
506,sunchales,-30.944,-61.5615,23.92,54,0,3.81,AR,1702343279
507,shimanovsk,52.0,127.7,-25.02,79,6,3.28,RU,1702343279
508,as sulayyil,20.4607,45.5779,13.14,32,51,3.05,SA,1702343279
509,usogorsk,63.4106,48.6872,-15.74,92,100,5.17,RU,1702343279
510,vila franca do campo,37.7167,-25.4333,13.23,84,100,2.35,PT,1702343070
511,nacala,-14.5428,40.6728,25.42,88,61,1.7,MZ,1702343280
512,cobija,-11.0267,-68.7692,26.72,74,100,0.8,BO,1702343280
513,haffouz,35.6324,9.6762,15.44,54,0,2.36,TN,1702343280
514,machico,32.7,-16.7667,19.35,82,20,3.09,PT,1702343281
515,dzhetygara,52.1908,61.2006,-28.13,96,24,3.53,KZ,1702343281
516,trail,49.0998,-117.7022,-1.19,96,23,0.66,CA,1702343276
517,kosh-agach,50.0,88.6667,-27.05,90,100,0.45,RU,1702343083
518,shahr-e babak,30.1165,55.1186,7.51,23,86,1.33,IR,1702343069
519,nikolayevsk-on-amure,53.1406,140.73,-23.78,88,11,1.92,RU,1702343109
520,chilecito,-29.1619,-67.4974,26.95,40,0,4.53,AR,1702343282
521,iaciara,-14.0958,-46.6317,23.96,60,61,0.79,BR,1702343282
522,primorsk,46.7348,36.3443,5.51,86,100,7.1,UA,1702343282
523,nizhneudinsk,54.9076,99.0276,-34.48,99,9,0.7,RU,1702343282
524,las marias,18.2933,-67.1463,26.75,85,0,1.34,PR,1702343283
525,san antonio de pale,-1.4014,5.6325,26.42,82,100,2.84,GQ,1702343283
526,ashta,23.0167,76.7167,15.42,62,17,1.16,IN,1702343283
527,galesong,-5.3166,119.3661,27.01,71,90,3.21,ID,1702343283
528,barra,-11.0894,-43.1417,25.84,59,28,1.6,BR,1702343284
529,hadibu,12.65,54.0333,24.02,72,74,4.54,YE,1702343253
530,mena,51.5217,32.2157,0.69,100,100,4.49,UA,1702343284
531,fortuna,40.5982,-124.1573,12.74,94,100,5.14,US,1702343284
532,nsanje,-16.92,35.262,24.77,85,100,1.12,MW,1702343285
533,viqueque,-8.8673,126.3658,30.51,64,84,0.79,TL,1702343285
534,kralendijk,12.15,-68.2667,27.99,78,20,5.66,BQ,1702343088
535,callao,-12.0667,-77.15,22.62,77,20,4.63,PE,1702343079
536,kashmar,35.2383,58.4656,7.86,53,100,2.42,IR,1702343247
537,porto velho,-8.7619,-63.9039,25.03,94,75,1.54,BR,1702343286
538,jumelles,47.4351,-0.1037,13.88,99,100,4.22,FR,1702343286
539,kyzyl,51.7,94.45,-33.88,99,100,0.45,RU,1702343287
540,cheongsong gun,36.4335,129.057,5.57,83,100,3.92,KR,1702343287
541,san pedro pochutla,15.7333,-96.4667,25.84,73,100,1.64,MX,1702343287
542,broken hill,-31.95,141.4333,30.32,28,2,2.16,AU,1702343245
543,kargasok,59.0556,80.8572,-28.91,93,36,3.13,RU,1702343288
544,dalandzadgad,43.5708,104.425,-6.23,52,93,0.95,MN,1702343288
545,agat village,13.3886,144.6585,31.52,74,75,6.69,GU,1702343288
546,port augusta,-32.5,137.7667,24.11,32,0,6.14,AU,1702343288
547,holualoa,19.6228,-155.9522,26.42,83,75,3.6,US,1702343289
548,dhuusamarreeb,5.535,46.3861,23.07,78,52,4.58,SO,1702343289
549,dadukou,26.5479,101.7054,11.41,75,0,0.43,CN,1702343290
550,al wajh,26.2455,36.4525,21.97,78,75,0.0,SA,1702343290
551,freetown,8.484,-13.2299,26.28,79,67,2.62,SL,1702343290
552,borba,-4.3878,-59.5939,23.7,98,100,1.28,BR,1702343291
553,necochea,-38.5473,-58.7368,19.94,60,65,6.52,AR,1702343291
554,mar del plata,-38.0023,-57.5575,19.9,89,80,12.07,AR,1702343291
555,kudymkar,59.0173,54.656,-28.51,91,100,3.19,RU,1702343291
556,forster,-32.1667,152.5167,26.83,67,0,4.33,AU,1702343291
557,katsuura,35.1333,140.3,15.01,94,100,11.23,JP,1702343039
558,eyl,7.9803,49.8164,24.46,74,100,6.79,SO,1702343144
559,colonia,50.9333,6.95,9.36,82,75,2.06,DE,1702343219
560,capao da canoa,-29.7456,-50.0097,21.11,83,43,6.83,BR,1702343067
561,imuris,30.7833,-110.8667,15.17,14,100,0.58,MX,1702343293
562,sao joao da barra,-21.6403,-41.0511,23.79,94,100,3.7,BR,1702343293
563,enewetak,11.3474,162.3373,27.92,75,9,8.23,MH,1702343293
564,lorengau,-2.0226,147.2712,30.12,73,95,5.93,PG,1702343091
565,la paz,-16.5,-68.15,12.99,74,75,1.03,BO,1702343294
566,palu,-0.8917,119.8707,30.2,65,20,0.93,ID,1702343294
567,torghay,49.6339,63.4981,-25.94,75,5,7.76,KZ,1702343295
568,pemangkat,1.1667,108.9667,26.5,83,70,2.14,ID,1702343295
569,nyurba,63.2842,118.3319,-31.1,99,99,2.25,RU,1702343295
570,kourou,5.1552,-52.6478,27.03,88,18,2.85,GF,1702343295
571,pionerskiy,54.9508,20.2275,0.42,90,100,2.75,RU,1702343057
572,tofol,5.3248,163.0078,30.88,70,75,6.69,FM,1702343296
573,island harbour,50.724,-1.2758,12.74,94,94,3.13,GB,1702343296
